<launch>
    <let name="urdf_path" value="$(find-pkg-share diffdrive_bot)/urdf/mira.urdf.xacro" />
   

    <node pkg="robot_state_publisher" exec="robot_state_publisher">
        <param name="robot_description" value="$(command 'xacro $(var urdf_path)')" />
    </node>

    <include file="$(find-pkg-share gazebo_ros)/launch/gazebo.launch.py">
        <arg name="world" value="$(find-pkg-share diffdrive_bot)/worlds/maze.world"/>
    </include>



    <node pkg="gazebo_ros" exec="spawn_entity.py" args= "-topic robot_description -entity mira" />

    <!-- <node pkg="controller_manager" exec="spawner" args="diffbot_base_controller" />

    <node pkg="controller_manager" exec="spawner" args="joint_state_broadcaster" /> -->

</launch>